"1","2","cve1","cve2","col","TamDiv","edos","cveEdo"
"800 - Patrones con un puesto de trabajo","AGUASCALIENTES","800","Patrones con un puesto de trabajo",3,1,"Aguascalientes","1"
"801 - Patrones con 2 y hasta 5 PT","AGUASCALIENTES.1","801","Patrones con 2 y hasta 5 PT",4,1,"Aguascalientes","1"
"802 - Patrones con 6 y hasta 50 PT","AGUASCALIENTES.2","802","Patrones con 6 y hasta 50 PT",5,1,"Aguascalientes","1"
"803 - Patrones con 51 y hasta 250 PT","AGUASCALIENTES.3","803","Patrones con 51 y hasta 250 PT",6,1,"Aguascalientes","1"
"804 - Patrones con 251 y hasta 500 PT","AGUASCALIENTES.4","804","Patrones con 251 y hasta 500 PT",7,1,"Aguascalientes","1"
"805 - Patrones con 501 y hasta 1,000 PT","AGUASCALIENTES.5","805","Patrones con 501 y hasta 1,000 PT",8,1,"Aguascalientes","1"
"808 - Patrones con más de 1,000 PT","AGUASCALIENTES.6","808","Patrones con más de 1,000 PT",9,1,"Aguascalientes","1"
"811 - Patrones agricultura, ganadería, silvicultura, pesca y caza","AGUASCALIENTES.7","811","Patrones agricultura, ganadería, silvicultura, pesca y caza",10,2,"Aguascalientes","1"
"814 - Patrones comercio","AGUASCALIENTES.8","814","Patrones comercio",11,2,"Aguascalientes","1"
"817 - Patrones ind. eléctrica, captación y suministro de agua potable","AGUASCALIENTES.9","817","Patrones ind. eléctrica, captación y suministro de agua potable",12,2,"Aguascalientes","1"
"820 - Patrones ind. de la construcción","AGUASCALIENTES.10","820","Patrones ind. de la construcción",13,2,"Aguascalientes","1"
"821 - Patrones ind. de la transformación","AGUASCALIENTES.11","821","Patrones ind. de la transformación",14,2,"Aguascalientes","1"
"822 - Patrones ind. extractivas","AGUASCALIENTES.12","822","Patrones ind. extractivas",15,2,"Aguascalientes","1"
"823 - Patrones servicios para empresas, personas y el hogar","AGUASCALIENTES.13","823","Patrones servicios para empresas, personas y el hogar",16,2,"Aguascalientes","1"
"824 - Patrones servicios sociales y comunales","AGUASCALIENTES.14","824","Patrones servicios sociales y comunales",17,2,"Aguascalientes","1"
"827 - Patrones transportes y comunicaciones","AGUASCALIENTES.15","827","Patrones transportes y comunicaciones",18,2,"Aguascalientes","1"
"Patrones por tamaño y sector económico","AGUASCALIENTES.16","Pat","es por tamaño y sector económico",19,0,"Aguascalientes","1"
"800 - Patrones con un puesto de trabajo","BAJA.CALIFORNIA","800","Patrones con un puesto de trabajo",20,1,"Baja California","2"
"801 - Patrones con 2 y hasta 5 PT","BAJA.CALIFORNIA.1","801","Patrones con 2 y hasta 5 PT",21,1,"Baja California","2"
"802 - Patrones con 6 y hasta 50 PT","BAJA.CALIFORNIA.2","802","Patrones con 6 y hasta 50 PT",22,1,"Baja California","2"
"803 - Patrones con 51 y hasta 250 PT","BAJA.CALIFORNIA.3","803","Patrones con 51 y hasta 250 PT",23,1,"Baja California","2"
"804 - Patrones con 251 y hasta 500 PT","BAJA.CALIFORNIA.4","804","Patrones con 251 y hasta 500 PT",24,1,"Baja California","2"
"805 - Patrones con 501 y hasta 1,000 PT","BAJA.CALIFORNIA.5","805","Patrones con 501 y hasta 1,000 PT",25,1,"Baja California","2"
"808 - Patrones con más de 1,000 PT","BAJA.CALIFORNIA.6","808","Patrones con más de 1,000 PT",26,1,"Baja California","2"
"811 - Patrones agricultura, ganadería, silvicultura, pesca y caza","BAJA.CALIFORNIA.7","811","Patrones agricultura, ganadería, silvicultura, pesca y caza",27,2,"Baja California","2"
"814 - Patrones comercio","BAJA.CALIFORNIA.8","814","Patrones comercio",28,2,"Baja California","2"
"817 - Patrones ind. eléctrica, captación y suministro de agua potable","BAJA.CALIFORNIA.9","817","Patrones ind. eléctrica, captación y suministro de agua potable",29,2,"Baja California","2"
"820 - Patrones ind. de la construcción","BAJA.CALIFORNIA.10","820","Patrones ind. de la construcción",30,2,"Baja California","2"
"821 - Patrones ind. de la transformación","BAJA.CALIFORNIA.11","821","Patrones ind. de la transformación",31,2,"Baja California","2"
"822 - Patrones ind. extractivas","BAJA.CALIFORNIA.12","822","Patrones ind. extractivas",32,2,"Baja California","2"
"823 - Patrones servicios para empresas, personas y el hogar","BAJA.CALIFORNIA.13","823","Patrones servicios para empresas, personas y el hogar",33,2,"Baja California","2"
"824 - Patrones servicios sociales y comunales","BAJA.CALIFORNIA.14","824","Patrones servicios sociales y comunales",34,2,"Baja California","2"
"827 - Patrones transportes y comunicaciones","BAJA.CALIFORNIA.15","827","Patrones transportes y comunicaciones",35,2,"Baja California","2"
"Patrones por tamaño y sector económico","BAJA.CALIFORNIA.16","Pat","es por tamaño y sector económico",36,0,"Baja California","2"
"800 - Patrones con un puesto de trabajo","BAJA.CALIFORNIA.SUR","800","Patrones con un puesto de trabajo",37,1,"Baja California Sur","3"
"801 - Patrones con 2 y hasta 5 PT","BAJA.CALIFORNIA.SUR.1","801","Patrones con 2 y hasta 5 PT",38,1,"Baja California Sur","3"
"802 - Patrones con 6 y hasta 50 PT","BAJA.CALIFORNIA.SUR.2","802","Patrones con 6 y hasta 50 PT",39,1,"Baja California Sur","3"
"803 - Patrones con 51 y hasta 250 PT","BAJA.CALIFORNIA.SUR.3","803","Patrones con 51 y hasta 250 PT",40,1,"Baja California Sur","3"
"804 - Patrones con 251 y hasta 500 PT","BAJA.CALIFORNIA.SUR.4","804","Patrones con 251 y hasta 500 PT",41,1,"Baja California Sur","3"
"805 - Patrones con 501 y hasta 1,000 PT","BAJA.CALIFORNIA.SUR.5","805","Patrones con 501 y hasta 1,000 PT",42,1,"Baja California Sur","3"
"808 - Patrones con más de 1,000 PT","BAJA.CALIFORNIA.SUR.6","808","Patrones con más de 1,000 PT",43,1,"Baja California Sur","3"
"811 - Patrones agricultura, ganadería, silvicultura, pesca y caza","BAJA.CALIFORNIA.SUR.7","811","Patrones agricultura, ganadería, silvicultura, pesca y caza",44,2,"Baja California Sur","3"
"814 - Patrones comercio","BAJA.CALIFORNIA.SUR.8","814","Patrones comercio",45,2,"Baja California Sur","3"
"817 - Patrones ind. eléctrica, captación y suministro de agua potable","BAJA.CALIFORNIA.SUR.9","817","Patrones ind. eléctrica, captación y suministro de agua potable",46,2,"Baja California Sur","3"
"820 - Patrones ind. de la construcción","BAJA.CALIFORNIA.SUR.10","820","Patrones ind. de la construcción",47,2,"Baja California Sur","3"
"821 - Patrones ind. de la transformación","BAJA.CALIFORNIA.SUR.11","821","Patrones ind. de la transformación",48,2,"Baja California Sur","3"
"822 - Patrones ind. extractivas","BAJA.CALIFORNIA.SUR.12","822","Patrones ind. extractivas",49,2,"Baja California Sur","3"
"823 - Patrones servicios para empresas, personas y el hogar","BAJA.CALIFORNIA.SUR.13","823","Patrones servicios para empresas, personas y el hogar",50,2,"Baja California Sur","3"
"824 - Patrones servicios sociales y comunales","BAJA.CALIFORNIA.SUR.14","824","Patrones servicios sociales y comunales",51,2,"Baja California Sur","3"
"827 - Patrones transportes y comunicaciones","BAJA.CALIFORNIA.SUR.15","827","Patrones transportes y comunicaciones",52,2,"Baja California Sur","3"
"Patrones por tamaño y sector económico","BAJA.CALIFORNIA.SUR.16","Pat","es por tamaño y sector económico",53,0,"Baja California Sur","3"
"800 - Patrones con un puesto de trabajo","CDMX.NORTE","800","Patrones con un puesto de trabajo",54,1,"CDMX","9"
"801 - Patrones con 2 y hasta 5 PT","CDMX.NORTE.1","801","Patrones con 2 y hasta 5 PT",55,1,"CDMX","9"
"802 - Patrones con 6 y hasta 50 PT","CDMX.NORTE.2","802","Patrones con 6 y hasta 50 PT",56,1,"CDMX","9"
"803 - Patrones con 51 y hasta 250 PT","CDMX.NORTE.3","803","Patrones con 51 y hasta 250 PT",57,1,"CDMX","9"
"804 - Patrones con 251 y hasta 500 PT","CDMX.NORTE.4","804","Patrones con 251 y hasta 500 PT",58,1,"CDMX","9"
"805 - Patrones con 501 y hasta 1,000 PT","CDMX.NORTE.5","805","Patrones con 501 y hasta 1,000 PT",59,1,"CDMX","9"
"808 - Patrones con más de 1,000 PT","CDMX.NORTE.6","808","Patrones con más de 1,000 PT",60,1,"CDMX","9"
"811 - Patrones agricultura, ganadería, silvicultura, pesca y caza","CDMX.NORTE.7","811","Patrones agricultura, ganadería, silvicultura, pesca y caza",61,2,"CDMX","9"
"814 - Patrones comercio","CDMX.NORTE.8","814","Patrones comercio",62,2,"CDMX","9"
"817 - Patrones ind. eléctrica, captación y suministro de agua potable","CDMX.NORTE.9","817","Patrones ind. eléctrica, captación y suministro de agua potable",63,2,"CDMX","9"
"820 - Patrones ind. de la construcción","CDMX.NORTE.10","820","Patrones ind. de la construcción",64,2,"CDMX","9"
"821 - Patrones ind. de la transformación","CDMX.NORTE.11","821","Patrones ind. de la transformación",65,2,"CDMX","9"
"822 - Patrones ind. extractivas","CDMX.NORTE.12","822","Patrones ind. extractivas",66,2,"CDMX","9"
"823 - Patrones servicios para empresas, personas y el hogar","CDMX.NORTE.13","823","Patrones servicios para empresas, personas y el hogar",67,2,"CDMX","9"
"824 - Patrones servicios sociales y comunales","CDMX.NORTE.14","824","Patrones servicios sociales y comunales",68,2,"CDMX","9"
"827 - Patrones transportes y comunicaciones","CDMX.NORTE.15","827","Patrones transportes y comunicaciones",69,2,"CDMX","9"
"Patrones por tamaño y sector económico","CDMX.NORTE.16","Pat","es por tamaño y sector económico",70,0,"CDMX","9"
"800 - Patrones con un puesto de trabajo","CDMX.SUR","800","Patrones con un puesto de trabajo",71,1,"CDMX","9"
"801 - Patrones con 2 y hasta 5 PT","CDMX.SUR.1","801","Patrones con 2 y hasta 5 PT",72,1,"CDMX","9"
"802 - Patrones con 6 y hasta 50 PT","CDMX.SUR.2","802","Patrones con 6 y hasta 50 PT",73,1,"CDMX","9"
"803 - Patrones con 51 y hasta 250 PT","CDMX.SUR.3","803","Patrones con 51 y hasta 250 PT",74,1,"CDMX","9"
"804 - Patrones con 251 y hasta 500 PT","CDMX.SUR.4","804","Patrones con 251 y hasta 500 PT",75,1,"CDMX","9"
"805 - Patrones con 501 y hasta 1,000 PT","CDMX.SUR.5","805","Patrones con 501 y hasta 1,000 PT",76,1,"CDMX","9"
"808 - Patrones con más de 1,000 PT","CDMX.SUR.6","808","Patrones con más de 1,000 PT",77,1,"CDMX","9"
"811 - Patrones agricultura, ganadería, silvicultura, pesca y caza","CDMX.SUR.7","811","Patrones agricultura, ganadería, silvicultura, pesca y caza",78,2,"CDMX","9"
"814 - Patrones comercio","CDMX.SUR.8","814","Patrones comercio",79,2,"CDMX","9"
"817 - Patrones ind. eléctrica, captación y suministro de agua potable","CDMX.SUR.9","817","Patrones ind. eléctrica, captación y suministro de agua potable",80,2,"CDMX","9"
"820 - Patrones ind. de la construcción","CDMX.SUR.10","820","Patrones ind. de la construcción",81,2,"CDMX","9"
"821 - Patrones ind. de la transformación","CDMX.SUR.11","821","Patrones ind. de la transformación",82,2,"CDMX","9"
"822 - Patrones ind. extractivas","CDMX.SUR.12","822","Patrones ind. extractivas",83,2,"CDMX","9"
"823 - Patrones servicios para empresas, personas y el hogar","CDMX.SUR.13","823","Patrones servicios para empresas, personas y el hogar",84,2,"CDMX","9"
"824 - Patrones servicios sociales y comunales","CDMX.SUR.14","824","Patrones servicios sociales y comunales",85,2,"CDMX","9"
"827 - Patrones transportes y comunicaciones","CDMX.SUR.15","827","Patrones transportes y comunicaciones",86,2,"CDMX","9"
"Patrones por tamaño y sector económico","CDMX.SUR.16","Pat","es por tamaño y sector económico",87,0,"CDMX","9"
"800 - Patrones con un puesto de trabajo","CAMPECHE","800","Patrones con un puesto de trabajo",88,1,"Campeche","4"
"801 - Patrones con 2 y hasta 5 PT","CAMPECHE.1","801","Patrones con 2 y hasta 5 PT",89,1,"Campeche","4"
"802 - Patrones con 6 y hasta 50 PT","CAMPECHE.2","802","Patrones con 6 y hasta 50 PT",90,1,"Campeche","4"
"803 - Patrones con 51 y hasta 250 PT","CAMPECHE.3","803","Patrones con 51 y hasta 250 PT",91,1,"Campeche","4"
"804 - Patrones con 251 y hasta 500 PT","CAMPECHE.4","804","Patrones con 251 y hasta 500 PT",92,1,"Campeche","4"
"805 - Patrones con 501 y hasta 1,000 PT","CAMPECHE.5","805","Patrones con 501 y hasta 1,000 PT",93,1,"Campeche","4"
"808 - Patrones con más de 1,000 PT","CAMPECHE.6","808","Patrones con más de 1,000 PT",94,1,"Campeche","4"
"811 - Patrones agricultura, ganadería, silvicultura, pesca y caza","CAMPECHE.7","811","Patrones agricultura, ganadería, silvicultura, pesca y caza",95,2,"Campeche","4"
"814 - Patrones comercio","CAMPECHE.8","814","Patrones comercio",96,2,"Campeche","4"
"817 - Patrones ind. eléctrica, captación y suministro de agua potable","CAMPECHE.9","817","Patrones ind. eléctrica, captación y suministro de agua potable",97,2,"Campeche","4"
"820 - Patrones ind. de la construcción","CAMPECHE.10","820","Patrones ind. de la construcción",98,2,"Campeche","4"
"821 - Patrones ind. de la transformación","CAMPECHE.11","821","Patrones ind. de la transformación",99,2,"Campeche","4"
"822 - Patrones ind. extractivas","CAMPECHE.12","822","Patrones ind. extractivas",100,2,"Campeche","4"
"823 - Patrones servicios para empresas, personas y el hogar","CAMPECHE.13","823","Patrones servicios para empresas, personas y el hogar",101,2,"Campeche","4"
"824 - Patrones servicios sociales y comunales","CAMPECHE.14","824","Patrones servicios sociales y comunales",102,2,"Campeche","4"
"827 - Patrones transportes y comunicaciones","CAMPECHE.15","827","Patrones transportes y comunicaciones",103,2,"Campeche","4"
"Patrones por tamaño y sector económico","CAMPECHE.16","Pat","es por tamaño y sector económico",104,0,"Campeche","4"
"800 - Patrones con un puesto de trabajo","CHIAPAS","800","Patrones con un puesto de trabajo",105,1,"Chiapas","7"
"801 - Patrones con 2 y hasta 5 PT","CHIAPAS.1","801","Patrones con 2 y hasta 5 PT",106,1,"Chiapas","7"
"802 - Patrones con 6 y hasta 50 PT","CHIAPAS.2","802","Patrones con 6 y hasta 50 PT",107,1,"Chiapas","7"
"803 - Patrones con 51 y hasta 250 PT","CHIAPAS.3","803","Patrones con 51 y hasta 250 PT",108,1,"Chiapas","7"
"804 - Patrones con 251 y hasta 500 PT","CHIAPAS.4","804","Patrones con 251 y hasta 500 PT",109,1,"Chiapas","7"
"805 - Patrones con 501 y hasta 1,000 PT","CHIAPAS.5","805","Patrones con 501 y hasta 1,000 PT",110,1,"Chiapas","7"
"808 - Patrones con más de 1,000 PT","CHIAPAS.6","808","Patrones con más de 1,000 PT",111,1,"Chiapas","7"
"811 - Patrones agricultura, ganadería, silvicultura, pesca y caza","CHIAPAS.7","811","Patrones agricultura, ganadería, silvicultura, pesca y caza",112,2,"Chiapas","7"
"814 - Patrones comercio","CHIAPAS.8","814","Patrones comercio",113,2,"Chiapas","7"
"817 - Patrones ind. eléctrica, captación y suministro de agua potable","CHIAPAS.9","817","Patrones ind. eléctrica, captación y suministro de agua potable",114,2,"Chiapas","7"
"820 - Patrones ind. de la construcción","CHIAPAS.10","820","Patrones ind. de la construcción",115,2,"Chiapas","7"
"821 - Patrones ind. de la transformación","CHIAPAS.11","821","Patrones ind. de la transformación",116,2,"Chiapas","7"
"822 - Patrones ind. extractivas","CHIAPAS.12","822","Patrones ind. extractivas",117,2,"Chiapas","7"
"823 - Patrones servicios para empresas, personas y el hogar","CHIAPAS.13","823","Patrones servicios para empresas, personas y el hogar",118,2,"Chiapas","7"
"824 - Patrones servicios sociales y comunales","CHIAPAS.14","824","Patrones servicios sociales y comunales",119,2,"Chiapas","7"
"827 - Patrones transportes y comunicaciones","CHIAPAS.15","827","Patrones transportes y comunicaciones",120,2,"Chiapas","7"
"Patrones por tamaño y sector económico","CHIAPAS.16","Pat","es por tamaño y sector económico",121,0,"Chiapas","7"
"800 - Patrones con un puesto de trabajo","CHIHUAHUA","800","Patrones con un puesto de trabajo",122,1,"Chihuahua","8"
"801 - Patrones con 2 y hasta 5 PT","CHIHUAHUA.1","801","Patrones con 2 y hasta 5 PT",123,1,"Chihuahua","8"
"802 - Patrones con 6 y hasta 50 PT","CHIHUAHUA.2","802","Patrones con 6 y hasta 50 PT",124,1,"Chihuahua","8"
"803 - Patrones con 51 y hasta 250 PT","CHIHUAHUA.3","803","Patrones con 51 y hasta 250 PT",125,1,"Chihuahua","8"
"804 - Patrones con 251 y hasta 500 PT","CHIHUAHUA.4","804","Patrones con 251 y hasta 500 PT",126,1,"Chihuahua","8"
"805 - Patrones con 501 y hasta 1,000 PT","CHIHUAHUA.5","805","Patrones con 501 y hasta 1,000 PT",127,1,"Chihuahua","8"
"808 - Patrones con más de 1,000 PT","CHIHUAHUA.6","808","Patrones con más de 1,000 PT",128,1,"Chihuahua","8"
"811 - Patrones agricultura, ganadería, silvicultura, pesca y caza","CHIHUAHUA.7","811","Patrones agricultura, ganadería, silvicultura, pesca y caza",129,2,"Chihuahua","8"
"814 - Patrones comercio","CHIHUAHUA.8","814","Patrones comercio",130,2,"Chihuahua","8"
"817 - Patrones ind. eléctrica, captación y suministro de agua potable","CHIHUAHUA.9","817","Patrones ind. eléctrica, captación y suministro de agua potable",131,2,"Chihuahua","8"
"820 - Patrones ind. de la construcción","CHIHUAHUA.10","820","Patrones ind. de la construcción",132,2,"Chihuahua","8"
"821 - Patrones ind. de la transformación","CHIHUAHUA.11","821","Patrones ind. de la transformación",133,2,"Chihuahua","8"
"822 - Patrones ind. extractivas","CHIHUAHUA.12","822","Patrones ind. extractivas",134,2,"Chihuahua","8"
"823 - Patrones servicios para empresas, personas y el hogar","CHIHUAHUA.13","823","Patrones servicios para empresas, personas y el hogar",135,2,"Chihuahua","8"
"824 - Patrones servicios sociales y comunales","CHIHUAHUA.14","824","Patrones servicios sociales y comunales",136,2,"Chihuahua","8"
"827 - Patrones transportes y comunicaciones","CHIHUAHUA.15","827","Patrones transportes y comunicaciones",137,2,"Chihuahua","8"
"Patrones por tamaño y sector económico","CHIHUAHUA.16","Pat","es por tamaño y sector económico",138,0,"Chihuahua","8"
"800 - Patrones con un puesto de trabajo","COAHUILA","800","Patrones con un puesto de trabajo",139,1,"Coahuila","5"
"801 - Patrones con 2 y hasta 5 PT","COAHUILA.1","801","Patrones con 2 y hasta 5 PT",140,1,"Coahuila","5"
"802 - Patrones con 6 y hasta 50 PT","COAHUILA.2","802","Patrones con 6 y hasta 50 PT",141,1,"Coahuila","5"
"803 - Patrones con 51 y hasta 250 PT","COAHUILA.3","803","Patrones con 51 y hasta 250 PT",142,1,"Coahuila","5"
"804 - Patrones con 251 y hasta 500 PT","COAHUILA.4","804","Patrones con 251 y hasta 500 PT",143,1,"Coahuila","5"
"805 - Patrones con 501 y hasta 1,000 PT","COAHUILA.5","805","Patrones con 501 y hasta 1,000 PT",144,1,"Coahuila","5"
"808 - Patrones con más de 1,000 PT","COAHUILA.6","808","Patrones con más de 1,000 PT",145,1,"Coahuila","5"
"811 - Patrones agricultura, ganadería, silvicultura, pesca y caza","COAHUILA.7","811","Patrones agricultura, ganadería, silvicultura, pesca y caza",146,2,"Coahuila","5"
"814 - Patrones comercio","COAHUILA.8","814","Patrones comercio",147,2,"Coahuila","5"
"817 - Patrones ind. eléctrica, captación y suministro de agua potable","COAHUILA.9","817","Patrones ind. eléctrica, captación y suministro de agua potable",148,2,"Coahuila","5"
"820 - Patrones ind. de la construcción","COAHUILA.10","820","Patrones ind. de la construcción",149,2,"Coahuila","5"
"821 - Patrones ind. de la transformación","COAHUILA.11","821","Patrones ind. de la transformación",150,2,"Coahuila","5"
"822 - Patrones ind. extractivas","COAHUILA.12","822","Patrones ind. extractivas",151,2,"Coahuila","5"
"823 - Patrones servicios para empresas, personas y el hogar","COAHUILA.13","823","Patrones servicios para empresas, personas y el hogar",152,2,"Coahuila","5"
"824 - Patrones servicios sociales y comunales","COAHUILA.14","824","Patrones servicios sociales y comunales",153,2,"Coahuila","5"
"827 - Patrones transportes y comunicaciones","COAHUILA.15","827","Patrones transportes y comunicaciones",154,2,"Coahuila","5"
"Patrones por tamaño y sector económico","COAHUILA.16","Pat","es por tamaño y sector económico",155,0,"Coahuila","5"
"800 - Patrones con un puesto de trabajo","COLIMA","800","Patrones con un puesto de trabajo",156,1,"Colima","6"
"801 - Patrones con 2 y hasta 5 PT","COLIMA.1","801","Patrones con 2 y hasta 5 PT",157,1,"Colima","6"
"802 - Patrones con 6 y hasta 50 PT","COLIMA.2","802","Patrones con 6 y hasta 50 PT",158,1,"Colima","6"
"803 - Patrones con 51 y hasta 250 PT","COLIMA.3","803","Patrones con 51 y hasta 250 PT",159,1,"Colima","6"
"804 - Patrones con 251 y hasta 500 PT","COLIMA.4","804","Patrones con 251 y hasta 500 PT",160,1,"Colima","6"
"805 - Patrones con 501 y hasta 1,000 PT","COLIMA.5","805","Patrones con 501 y hasta 1,000 PT",161,1,"Colima","6"
"808 - Patrones con más de 1,000 PT","COLIMA.6","808","Patrones con más de 1,000 PT",162,1,"Colima","6"
"811 - Patrones agricultura, ganadería, silvicultura, pesca y caza","COLIMA.7","811","Patrones agricultura, ganadería, silvicultura, pesca y caza",163,2,"Colima","6"
"814 - Patrones comercio","COLIMA.8","814","Patrones comercio",164,2,"Colima","6"
"817 - Patrones ind. eléctrica, captación y suministro de agua potable","COLIMA.9","817","Patrones ind. eléctrica, captación y suministro de agua potable",165,2,"Colima","6"
"820 - Patrones ind. de la construcción","COLIMA.10","820","Patrones ind. de la construcción",166,2,"Colima","6"
"821 - Patrones ind. de la transformación","COLIMA.11","821","Patrones ind. de la transformación",167,2,"Colima","6"
"822 - Patrones ind. extractivas","COLIMA.12","822","Patrones ind. extractivas",168,2,"Colima","6"
"823 - Patrones servicios para empresas, personas y el hogar","COLIMA.13","823","Patrones servicios para empresas, personas y el hogar",169,2,"Colima","6"
"824 - Patrones servicios sociales y comunales","COLIMA.14","824","Patrones servicios sociales y comunales",170,2,"Colima","6"
"827 - Patrones transportes y comunicaciones","COLIMA.15","827","Patrones transportes y comunicaciones",171,2,"Colima","6"
"Patrones por tamaño y sector económico","COLIMA.16","Pat","es por tamaño y sector económico",172,0,"Colima","6"
"800 - Patrones con un puesto de trabajo","DURANGO","800","Patrones con un puesto de trabajo",173,1,"Durango","10"
"801 - Patrones con 2 y hasta 5 PT","DURANGO.1","801","Patrones con 2 y hasta 5 PT",174,1,"Durango","10"
"802 - Patrones con 6 y hasta 50 PT","DURANGO.2","802","Patrones con 6 y hasta 50 PT",175,1,"Durango","10"
"803 - Patrones con 51 y hasta 250 PT","DURANGO.3","803","Patrones con 51 y hasta 250 PT",176,1,"Durango","10"
"804 - Patrones con 251 y hasta 500 PT","DURANGO.4","804","Patrones con 251 y hasta 500 PT",177,1,"Durango","10"
"805 - Patrones con 501 y hasta 1,000 PT","DURANGO.5","805","Patrones con 501 y hasta 1,000 PT",178,1,"Durango","10"
"808 - Patrones con más de 1,000 PT","DURANGO.6","808","Patrones con más de 1,000 PT",179,1,"Durango","10"
"811 - Patrones agricultura, ganadería, silvicultura, pesca y caza","DURANGO.7","811","Patrones agricultura, ganadería, silvicultura, pesca y caza",180,2,"Durango","10"
"814 - Patrones comercio","DURANGO.8","814","Patrones comercio",181,2,"Durango","10"
"817 - Patrones ind. eléctrica, captación y suministro de agua potable","DURANGO.9","817","Patrones ind. eléctrica, captación y suministro de agua potable",182,2,"Durango","10"
"820 - Patrones ind. de la construcción","DURANGO.10","820","Patrones ind. de la construcción",183,2,"Durango","10"
"821 - Patrones ind. de la transformación","DURANGO.11","821","Patrones ind. de la transformación",184,2,"Durango","10"
"822 - Patrones ind. extractivas","DURANGO.12","822","Patrones ind. extractivas",185,2,"Durango","10"
"823 - Patrones servicios para empresas, personas y el hogar","DURANGO.13","823","Patrones servicios para empresas, personas y el hogar",186,2,"Durango","10"
"824 - Patrones servicios sociales y comunales","DURANGO.14","824","Patrones servicios sociales y comunales",187,2,"Durango","10"
"827 - Patrones transportes y comunicaciones","DURANGO.15","827","Patrones transportes y comunicaciones",188,2,"Durango","10"
"Patrones por tamaño y sector económico","DURANGO.16","Pat","es por tamaño y sector económico",189,0,"Durango","10"
"800 - Patrones con un puesto de trabajo","GUANAJUATO","800","Patrones con un puesto de trabajo",190,1,"Guanajuato","11"
"801 - Patrones con 2 y hasta 5 PT","GUANAJUATO.1","801","Patrones con 2 y hasta 5 PT",191,1,"Guanajuato","11"
"802 - Patrones con 6 y hasta 50 PT","GUANAJUATO.2","802","Patrones con 6 y hasta 50 PT",192,1,"Guanajuato","11"
"803 - Patrones con 51 y hasta 250 PT","GUANAJUATO.3","803","Patrones con 51 y hasta 250 PT",193,1,"Guanajuato","11"
"804 - Patrones con 251 y hasta 500 PT","GUANAJUATO.4","804","Patrones con 251 y hasta 500 PT",194,1,"Guanajuato","11"
"805 - Patrones con 501 y hasta 1,000 PT","GUANAJUATO.5","805","Patrones con 501 y hasta 1,000 PT",195,1,"Guanajuato","11"
"808 - Patrones con más de 1,000 PT","GUANAJUATO.6","808","Patrones con más de 1,000 PT",196,1,"Guanajuato","11"
"811 - Patrones agricultura, ganadería, silvicultura, pesca y caza","GUANAJUATO.7","811","Patrones agricultura, ganadería, silvicultura, pesca y caza",197,2,"Guanajuato","11"
"814 - Patrones comercio","GUANAJUATO.8","814","Patrones comercio",198,2,"Guanajuato","11"
"817 - Patrones ind. eléctrica, captación y suministro de agua potable","GUANAJUATO.9","817","Patrones ind. eléctrica, captación y suministro de agua potable",199,2,"Guanajuato","11"
"820 - Patrones ind. de la construcción","GUANAJUATO.10","820","Patrones ind. de la construcción",200,2,"Guanajuato","11"
"821 - Patrones ind. de la transformación","GUANAJUATO.11","821","Patrones ind. de la transformación",201,2,"Guanajuato","11"
"822 - Patrones ind. extractivas","GUANAJUATO.12","822","Patrones ind. extractivas",202,2,"Guanajuato","11"
"823 - Patrones servicios para empresas, personas y el hogar","GUANAJUATO.13","823","Patrones servicios para empresas, personas y el hogar",203,2,"Guanajuato","11"
"824 - Patrones servicios sociales y comunales","GUANAJUATO.14","824","Patrones servicios sociales y comunales",204,2,"Guanajuato","11"
"827 - Patrones transportes y comunicaciones","GUANAJUATO.15","827","Patrones transportes y comunicaciones",205,2,"Guanajuato","11"
"Patrones por tamaño y sector económico","GUANAJUATO.16","Pat","es por tamaño y sector económico",206,0,"Guanajuato","11"
"800 - Patrones con un puesto de trabajo","GUERRERO","800","Patrones con un puesto de trabajo",207,1,"Guerrero","12"
"801 - Patrones con 2 y hasta 5 PT","GUERRERO.1","801","Patrones con 2 y hasta 5 PT",208,1,"Guerrero","12"
"802 - Patrones con 6 y hasta 50 PT","GUERRERO.2","802","Patrones con 6 y hasta 50 PT",209,1,"Guerrero","12"
"803 - Patrones con 51 y hasta 250 PT","GUERRERO.3","803","Patrones con 51 y hasta 250 PT",210,1,"Guerrero","12"
"804 - Patrones con 251 y hasta 500 PT","GUERRERO.4","804","Patrones con 251 y hasta 500 PT",211,1,"Guerrero","12"
"805 - Patrones con 501 y hasta 1,000 PT","GUERRERO.5","805","Patrones con 501 y hasta 1,000 PT",212,1,"Guerrero","12"
"808 - Patrones con más de 1,000 PT","GUERRERO.6","808","Patrones con más de 1,000 PT",213,1,"Guerrero","12"
"811 - Patrones agricultura, ganadería, silvicultura, pesca y caza","GUERRERO.7","811","Patrones agricultura, ganadería, silvicultura, pesca y caza",214,2,"Guerrero","12"
"814 - Patrones comercio","GUERRERO.8","814","Patrones comercio",215,2,"Guerrero","12"
"817 - Patrones ind. eléctrica, captación y suministro de agua potable","GUERRERO.9","817","Patrones ind. eléctrica, captación y suministro de agua potable",216,2,"Guerrero","12"
"820 - Patrones ind. de la construcción","GUERRERO.10","820","Patrones ind. de la construcción",217,2,"Guerrero","12"
"821 - Patrones ind. de la transformación","GUERRERO.11","821","Patrones ind. de la transformación",218,2,"Guerrero","12"
"822 - Patrones ind. extractivas","GUERRERO.12","822","Patrones ind. extractivas",219,2,"Guerrero","12"
"823 - Patrones servicios para empresas, personas y el hogar","GUERRERO.13","823","Patrones servicios para empresas, personas y el hogar",220,2,"Guerrero","12"
"824 - Patrones servicios sociales y comunales","GUERRERO.14","824","Patrones servicios sociales y comunales",221,2,"Guerrero","12"
"827 - Patrones transportes y comunicaciones","GUERRERO.15","827","Patrones transportes y comunicaciones",222,2,"Guerrero","12"
"Patrones por tamaño y sector económico","GUERRERO.16","Pat","es por tamaño y sector económico",223,0,"Guerrero","12"
"800 - Patrones con un puesto de trabajo","HIDALGO","800","Patrones con un puesto de trabajo",224,1,"Hidalgo","13"
"801 - Patrones con 2 y hasta 5 PT","HIDALGO.1","801","Patrones con 2 y hasta 5 PT",225,1,"Hidalgo","13"
"802 - Patrones con 6 y hasta 50 PT","HIDALGO.2","802","Patrones con 6 y hasta 50 PT",226,1,"Hidalgo","13"
"803 - Patrones con 51 y hasta 250 PT","HIDALGO.3","803","Patrones con 51 y hasta 250 PT",227,1,"Hidalgo","13"
"804 - Patrones con 251 y hasta 500 PT","HIDALGO.4","804","Patrones con 251 y hasta 500 PT",228,1,"Hidalgo","13"
"805 - Patrones con 501 y hasta 1,000 PT","HIDALGO.5","805","Patrones con 501 y hasta 1,000 PT",229,1,"Hidalgo","13"
"808 - Patrones con más de 1,000 PT","HIDALGO.6","808","Patrones con más de 1,000 PT",230,1,"Hidalgo","13"
"811 - Patrones agricultura, ganadería, silvicultura, pesca y caza","HIDALGO.7","811","Patrones agricultura, ganadería, silvicultura, pesca y caza",231,2,"Hidalgo","13"
"814 - Patrones comercio","HIDALGO.8","814","Patrones comercio",232,2,"Hidalgo","13"
"817 - Patrones ind. eléctrica, captación y suministro de agua potable","HIDALGO.9","817","Patrones ind. eléctrica, captación y suministro de agua potable",233,2,"Hidalgo","13"
"820 - Patrones ind. de la construcción","HIDALGO.10","820","Patrones ind. de la construcción",234,2,"Hidalgo","13"
"821 - Patrones ind. de la transformación","HIDALGO.11","821","Patrones ind. de la transformación",235,2,"Hidalgo","13"
"822 - Patrones ind. extractivas","HIDALGO.12","822","Patrones ind. extractivas",236,2,"Hidalgo","13"
"823 - Patrones servicios para empresas, personas y el hogar","HIDALGO.13","823","Patrones servicios para empresas, personas y el hogar",237,2,"Hidalgo","13"
"824 - Patrones servicios sociales y comunales","HIDALGO.14","824","Patrones servicios sociales y comunales",238,2,"Hidalgo","13"
"827 - Patrones transportes y comunicaciones","HIDALGO.15","827","Patrones transportes y comunicaciones",239,2,"Hidalgo","13"
"Patrones por tamaño y sector económico","HIDALGO.16","Pat","es por tamaño y sector económico",240,0,"Hidalgo","13"
"800 - Patrones con un puesto de trabajo","JALISCO","800","Patrones con un puesto de trabajo",241,1,"Jalisco","14"
"801 - Patrones con 2 y hasta 5 PT","JALISCO.1","801","Patrones con 2 y hasta 5 PT",242,1,"Jalisco","14"
"802 - Patrones con 6 y hasta 50 PT","JALISCO.2","802","Patrones con 6 y hasta 50 PT",243,1,"Jalisco","14"
"803 - Patrones con 51 y hasta 250 PT","JALISCO.3","803","Patrones con 51 y hasta 250 PT",244,1,"Jalisco","14"
"804 - Patrones con 251 y hasta 500 PT","JALISCO.4","804","Patrones con 251 y hasta 500 PT",245,1,"Jalisco","14"
"805 - Patrones con 501 y hasta 1,000 PT","JALISCO.5","805","Patrones con 501 y hasta 1,000 PT",246,1,"Jalisco","14"
"808 - Patrones con más de 1,000 PT","JALISCO.6","808","Patrones con más de 1,000 PT",247,1,"Jalisco","14"
"811 - Patrones agricultura, ganadería, silvicultura, pesca y caza","JALISCO.7","811","Patrones agricultura, ganadería, silvicultura, pesca y caza",248,2,"Jalisco","14"
"814 - Patrones comercio","JALISCO.8","814","Patrones comercio",249,2,"Jalisco","14"
"817 - Patrones ind. eléctrica, captación y suministro de agua potable","JALISCO.9","817","Patrones ind. eléctrica, captación y suministro de agua potable",250,2,"Jalisco","14"
"820 - Patrones ind. de la construcción","JALISCO.10","820","Patrones ind. de la construcción",251,2,"Jalisco","14"
"821 - Patrones ind. de la transformación","JALISCO.11","821","Patrones ind. de la transformación",252,2,"Jalisco","14"
"822 - Patrones ind. extractivas","JALISCO.12","822","Patrones ind. extractivas",253,2,"Jalisco","14"
"823 - Patrones servicios para empresas, personas y el hogar","JALISCO.13","823","Patrones servicios para empresas, personas y el hogar",254,2,"Jalisco","14"
"824 - Patrones servicios sociales y comunales","JALISCO.14","824","Patrones servicios sociales y comunales",255,2,"Jalisco","14"
"827 - Patrones transportes y comunicaciones","JALISCO.15","827","Patrones transportes y comunicaciones",256,2,"Jalisco","14"
"Patrones por tamaño y sector económico","JALISCO.16","Pat","es por tamaño y sector económico",257,0,"Jalisco","14"
"800 - Patrones con un puesto de trabajo","MICHOACÁN","800","Patrones con un puesto de trabajo",258,1,"Michoacán","16"
"801 - Patrones con 2 y hasta 5 PT","MICHOACÁN.1","801","Patrones con 2 y hasta 5 PT",259,1,"Michoacán","16"
"802 - Patrones con 6 y hasta 50 PT","MICHOACÁN.2","802","Patrones con 6 y hasta 50 PT",260,1,"Michoacán","16"
"803 - Patrones con 51 y hasta 250 PT","MICHOACÁN.3","803","Patrones con 51 y hasta 250 PT",261,1,"Michoacán","16"
"804 - Patrones con 251 y hasta 500 PT","MICHOACÁN.4","804","Patrones con 251 y hasta 500 PT",262,1,"Michoacán","16"
"805 - Patrones con 501 y hasta 1,000 PT","MICHOACÁN.5","805","Patrones con 501 y hasta 1,000 PT",263,1,"Michoacán","16"
"808 - Patrones con más de 1,000 PT","MICHOACÁN.6","808","Patrones con más de 1,000 PT",264,1,"Michoacán","16"
"811 - Patrones agricultura, ganadería, silvicultura, pesca y caza","MICHOACÁN.7","811","Patrones agricultura, ganadería, silvicultura, pesca y caza",265,2,"Michoacán","16"
"814 - Patrones comercio","MICHOACÁN.8","814","Patrones comercio",266,2,"Michoacán","16"
"817 - Patrones ind. eléctrica, captación y suministro de agua potable","MICHOACÁN.9","817","Patrones ind. eléctrica, captación y suministro de agua potable",267,2,"Michoacán","16"
"820 - Patrones ind. de la construcción","MICHOACÁN.10","820","Patrones ind. de la construcción",268,2,"Michoacán","16"
"821 - Patrones ind. de la transformación","MICHOACÁN.11","821","Patrones ind. de la transformación",269,2,"Michoacán","16"
"822 - Patrones ind. extractivas","MICHOACÁN.12","822","Patrones ind. extractivas",270,2,"Michoacán","16"
"823 - Patrones servicios para empresas, personas y el hogar","MICHOACÁN.13","823","Patrones servicios para empresas, personas y el hogar",271,2,"Michoacán","16"
"824 - Patrones servicios sociales y comunales","MICHOACÁN.14","824","Patrones servicios sociales y comunales",272,2,"Michoacán","16"
"827 - Patrones transportes y comunicaciones","MICHOACÁN.15","827","Patrones transportes y comunicaciones",273,2,"Michoacán","16"
"Patrones por tamaño y sector económico","MICHOACÁN.16","Pat","es por tamaño y sector económico",274,0,"Michoacán","16"
"800 - Patrones con un puesto de trabajo","MORELOS","800","Patrones con un puesto de trabajo",275,1,"Morelos","17"
"801 - Patrones con 2 y hasta 5 PT","MORELOS.1","801","Patrones con 2 y hasta 5 PT",276,1,"Morelos","17"
"802 - Patrones con 6 y hasta 50 PT","MORELOS.2","802","Patrones con 6 y hasta 50 PT",277,1,"Morelos","17"
"803 - Patrones con 51 y hasta 250 PT","MORELOS.3","803","Patrones con 51 y hasta 250 PT",278,1,"Morelos","17"
"804 - Patrones con 251 y hasta 500 PT","MORELOS.4","804","Patrones con 251 y hasta 500 PT",279,1,"Morelos","17"
"805 - Patrones con 501 y hasta 1,000 PT","MORELOS.5","805","Patrones con 501 y hasta 1,000 PT",280,1,"Morelos","17"
"808 - Patrones con más de 1,000 PT","MORELOS.6","808","Patrones con más de 1,000 PT",281,1,"Morelos","17"
"811 - Patrones agricultura, ganadería, silvicultura, pesca y caza","MORELOS.7","811","Patrones agricultura, ganadería, silvicultura, pesca y caza",282,2,"Morelos","17"
"814 - Patrones comercio","MORELOS.8","814","Patrones comercio",283,2,"Morelos","17"
"817 - Patrones ind. eléctrica, captación y suministro de agua potable","MORELOS.9","817","Patrones ind. eléctrica, captación y suministro de agua potable",284,2,"Morelos","17"
"820 - Patrones ind. de la construcción","MORELOS.10","820","Patrones ind. de la construcción",285,2,"Morelos","17"
"821 - Patrones ind. de la transformación","MORELOS.11","821","Patrones ind. de la transformación",286,2,"Morelos","17"
"822 - Patrones ind. extractivas","MORELOS.12","822","Patrones ind. extractivas",287,2,"Morelos","17"
"823 - Patrones servicios para empresas, personas y el hogar","MORELOS.13","823","Patrones servicios para empresas, personas y el hogar",288,2,"Morelos","17"
"824 - Patrones servicios sociales y comunales","MORELOS.14","824","Patrones servicios sociales y comunales",289,2,"Morelos","17"
"827 - Patrones transportes y comunicaciones","MORELOS.15","827","Patrones transportes y comunicaciones",290,2,"Morelos","17"
"Patrones por tamaño y sector económico","MORELOS.16","Pat","es por tamaño y sector económico",291,0,"Morelos","17"
"800 - Patrones con un puesto de trabajo","MÉXICO.ORIENTE","800","Patrones con un puesto de trabajo",292,1,"Estado de México","15"
"801 - Patrones con 2 y hasta 5 PT","MÉXICO.ORIENTE.1","801","Patrones con 2 y hasta 5 PT",293,1,"Estado de México","15"
"802 - Patrones con 6 y hasta 50 PT","MÉXICO.ORIENTE.2","802","Patrones con 6 y hasta 50 PT",294,1,"Estado de México","15"
"803 - Patrones con 51 y hasta 250 PT","MÉXICO.ORIENTE.3","803","Patrones con 51 y hasta 250 PT",295,1,"Estado de México","15"
"804 - Patrones con 251 y hasta 500 PT","MÉXICO.ORIENTE.4","804","Patrones con 251 y hasta 500 PT",296,1,"Estado de México","15"
"805 - Patrones con 501 y hasta 1,000 PT","MÉXICO.ORIENTE.5","805","Patrones con 501 y hasta 1,000 PT",297,1,"Estado de México","15"
"808 - Patrones con más de 1,000 PT","MÉXICO.ORIENTE.6","808","Patrones con más de 1,000 PT",298,1,"Estado de México","15"
"811 - Patrones agricultura, ganadería, silvicultura, pesca y caza","MÉXICO.ORIENTE.7","811","Patrones agricultura, ganadería, silvicultura, pesca y caza",299,2,"Estado de México","15"
"814 - Patrones comercio","MÉXICO.ORIENTE.8","814","Patrones comercio",300,2,"Estado de México","15"
"817 - Patrones ind. eléctrica, captación y suministro de agua potable","MÉXICO.ORIENTE.9","817","Patrones ind. eléctrica, captación y suministro de agua potable",301,2,"Estado de México","15"
"820 - Patrones ind. de la construcción","MÉXICO.ORIENTE.10","820","Patrones ind. de la construcción",302,2,"Estado de México","15"
"821 - Patrones ind. de la transformación","MÉXICO.ORIENTE.11","821","Patrones ind. de la transformación",303,2,"Estado de México","15"
"822 - Patrones ind. extractivas","MÉXICO.ORIENTE.12","822","Patrones ind. extractivas",304,2,"Estado de México","15"
"823 - Patrones servicios para empresas, personas y el hogar","MÉXICO.ORIENTE.13","823","Patrones servicios para empresas, personas y el hogar",305,2,"Estado de México","15"
"824 - Patrones servicios sociales y comunales","MÉXICO.ORIENTE.14","824","Patrones servicios sociales y comunales",306,2,"Estado de México","15"
"827 - Patrones transportes y comunicaciones","MÉXICO.ORIENTE.15","827","Patrones transportes y comunicaciones",307,2,"Estado de México","15"
"Patrones por tamaño y sector económico","MÉXICO.ORIENTE.16","Pat","es por tamaño y sector económico",308,0,"Estado de México","15"
"800 - Patrones con un puesto de trabajo","MÉXICO.PONIENTE","800","Patrones con un puesto de trabajo",309,1,"Estado de México","15"
"801 - Patrones con 2 y hasta 5 PT","MÉXICO.PONIENTE.1","801","Patrones con 2 y hasta 5 PT",310,1,"Estado de México","15"
"802 - Patrones con 6 y hasta 50 PT","MÉXICO.PONIENTE.2","802","Patrones con 6 y hasta 50 PT",311,1,"Estado de México","15"
"803 - Patrones con 51 y hasta 250 PT","MÉXICO.PONIENTE.3","803","Patrones con 51 y hasta 250 PT",312,1,"Estado de México","15"
"804 - Patrones con 251 y hasta 500 PT","MÉXICO.PONIENTE.4","804","Patrones con 251 y hasta 500 PT",313,1,"Estado de México","15"
"805 - Patrones con 501 y hasta 1,000 PT","MÉXICO.PONIENTE.5","805","Patrones con 501 y hasta 1,000 PT",314,1,"Estado de México","15"
"808 - Patrones con más de 1,000 PT","MÉXICO.PONIENTE.6","808","Patrones con más de 1,000 PT",315,1,"Estado de México","15"
"811 - Patrones agricultura, ganadería, silvicultura, pesca y caza","MÉXICO.PONIENTE.7","811","Patrones agricultura, ganadería, silvicultura, pesca y caza",316,2,"Estado de México","15"
"814 - Patrones comercio","MÉXICO.PONIENTE.8","814","Patrones comercio",317,2,"Estado de México","15"
"817 - Patrones ind. eléctrica, captación y suministro de agua potable","MÉXICO.PONIENTE.9","817","Patrones ind. eléctrica, captación y suministro de agua potable",318,2,"Estado de México","15"
"820 - Patrones ind. de la construcción","MÉXICO.PONIENTE.10","820","Patrones ind. de la construcción",319,2,"Estado de México","15"
"821 - Patrones ind. de la transformación","MÉXICO.PONIENTE.11","821","Patrones ind. de la transformación",320,2,"Estado de México","15"
"822 - Patrones ind. extractivas","MÉXICO.PONIENTE.12","822","Patrones ind. extractivas",321,2,"Estado de México","15"
"823 - Patrones servicios para empresas, personas y el hogar","MÉXICO.PONIENTE.13","823","Patrones servicios para empresas, personas y el hogar",322,2,"Estado de México","15"
"824 - Patrones servicios sociales y comunales","MÉXICO.PONIENTE.14","824","Patrones servicios sociales y comunales",323,2,"Estado de México","15"
"827 - Patrones transportes y comunicaciones","MÉXICO.PONIENTE.15","827","Patrones transportes y comunicaciones",324,2,"Estado de México","15"
"Patrones por tamaño y sector económico","MÉXICO.PONIENTE.16","Pat","es por tamaño y sector económico",325,0,"Estado de México","15"
"800 - Patrones con un puesto de trabajo","NAYARIT","800","Patrones con un puesto de trabajo",326,1,"Nayarit","18"
"801 - Patrones con 2 y hasta 5 PT","NAYARIT.1","801","Patrones con 2 y hasta 5 PT",327,1,"Nayarit","18"
"802 - Patrones con 6 y hasta 50 PT","NAYARIT.2","802","Patrones con 6 y hasta 50 PT",328,1,"Nayarit","18"
"803 - Patrones con 51 y hasta 250 PT","NAYARIT.3","803","Patrones con 51 y hasta 250 PT",329,1,"Nayarit","18"
"804 - Patrones con 251 y hasta 500 PT","NAYARIT.4","804","Patrones con 251 y hasta 500 PT",330,1,"Nayarit","18"
"805 - Patrones con 501 y hasta 1,000 PT","NAYARIT.5","805","Patrones con 501 y hasta 1,000 PT",331,1,"Nayarit","18"
"808 - Patrones con más de 1,000 PT","NAYARIT.6","808","Patrones con más de 1,000 PT",332,1,"Nayarit","18"
"811 - Patrones agricultura, ganadería, silvicultura, pesca y caza","NAYARIT.7","811","Patrones agricultura, ganadería, silvicultura, pesca y caza",333,2,"Nayarit","18"
"814 - Patrones comercio","NAYARIT.8","814","Patrones comercio",334,2,"Nayarit","18"
"817 - Patrones ind. eléctrica, captación y suministro de agua potable","NAYARIT.9","817","Patrones ind. eléctrica, captación y suministro de agua potable",335,2,"Nayarit","18"
"820 - Patrones ind. de la construcción","NAYARIT.10","820","Patrones ind. de la construcción",336,2,"Nayarit","18"
"821 - Patrones ind. de la transformación","NAYARIT.11","821","Patrones ind. de la transformación",337,2,"Nayarit","18"
"822 - Patrones ind. extractivas","NAYARIT.12","822","Patrones ind. extractivas",338,2,"Nayarit","18"
"823 - Patrones servicios para empresas, personas y el hogar","NAYARIT.13","823","Patrones servicios para empresas, personas y el hogar",339,2,"Nayarit","18"
"824 - Patrones servicios sociales y comunales","NAYARIT.14","824","Patrones servicios sociales y comunales",340,2,"Nayarit","18"
"827 - Patrones transportes y comunicaciones","NAYARIT.15","827","Patrones transportes y comunicaciones",341,2,"Nayarit","18"
"Patrones por tamaño y sector económico","NAYARIT.16","Pat","es por tamaño y sector económico",342,0,"Nayarit","18"
"800 - Patrones con un puesto de trabajo","NUEVO.LEÓN","800","Patrones con un puesto de trabajo",343,1,"Nuevo León","19"
"801 - Patrones con 2 y hasta 5 PT","NUEVO.LEÓN.1","801","Patrones con 2 y hasta 5 PT",344,1,"Nuevo León","19"
"802 - Patrones con 6 y hasta 50 PT","NUEVO.LEÓN.2","802","Patrones con 6 y hasta 50 PT",345,1,"Nuevo León","19"
"803 - Patrones con 51 y hasta 250 PT","NUEVO.LEÓN.3","803","Patrones con 51 y hasta 250 PT",346,1,"Nuevo León","19"
"804 - Patrones con 251 y hasta 500 PT","NUEVO.LEÓN.4","804","Patrones con 251 y hasta 500 PT",347,1,"Nuevo León","19"
"805 - Patrones con 501 y hasta 1,000 PT","NUEVO.LEÓN.5","805","Patrones con 501 y hasta 1,000 PT",348,1,"Nuevo León","19"
"808 - Patrones con más de 1,000 PT","NUEVO.LEÓN.6","808","Patrones con más de 1,000 PT",349,1,"Nuevo León","19"
"811 - Patrones agricultura, ganadería, silvicultura, pesca y caza","NUEVO.LEÓN.7","811","Patrones agricultura, ganadería, silvicultura, pesca y caza",350,2,"Nuevo León","19"
"814 - Patrones comercio","NUEVO.LEÓN.8","814","Patrones comercio",351,2,"Nuevo León","19"
"817 - Patrones ind. eléctrica, captación y suministro de agua potable","NUEVO.LEÓN.9","817","Patrones ind. eléctrica, captación y suministro de agua potable",352,2,"Nuevo León","19"
"820 - Patrones ind. de la construcción","NUEVO.LEÓN.10","820","Patrones ind. de la construcción",353,2,"Nuevo León","19"
"821 - Patrones ind. de la transformación","NUEVO.LEÓN.11","821","Patrones ind. de la transformación",354,2,"Nuevo León","19"
"822 - Patrones ind. extractivas","NUEVO.LEÓN.12","822","Patrones ind. extractivas",355,2,"Nuevo León","19"
"823 - Patrones servicios para empresas, personas y el hogar","NUEVO.LEÓN.13","823","Patrones servicios para empresas, personas y el hogar",356,2,"Nuevo León","19"
"824 - Patrones servicios sociales y comunales","NUEVO.LEÓN.14","824","Patrones servicios sociales y comunales",357,2,"Nuevo León","19"
"827 - Patrones transportes y comunicaciones","NUEVO.LEÓN.15","827","Patrones transportes y comunicaciones",358,2,"Nuevo León","19"
"Patrones por tamaño y sector económico","NUEVO.LEÓN.16","Pat","es por tamaño y sector económico",359,0,"Nuevo León","19"
"800 - Patrones con un puesto de trabajo","OAXACA","800","Patrones con un puesto de trabajo",360,1,"Oaxaca","20"
"801 - Patrones con 2 y hasta 5 PT","OAXACA.1","801","Patrones con 2 y hasta 5 PT",361,1,"Oaxaca","20"
"802 - Patrones con 6 y hasta 50 PT","OAXACA.2","802","Patrones con 6 y hasta 50 PT",362,1,"Oaxaca","20"
"803 - Patrones con 51 y hasta 250 PT","OAXACA.3","803","Patrones con 51 y hasta 250 PT",363,1,"Oaxaca","20"
"804 - Patrones con 251 y hasta 500 PT","OAXACA.4","804","Patrones con 251 y hasta 500 PT",364,1,"Oaxaca","20"
"805 - Patrones con 501 y hasta 1,000 PT","OAXACA.5","805","Patrones con 501 y hasta 1,000 PT",365,1,"Oaxaca","20"
"808 - Patrones con más de 1,000 PT","OAXACA.6","808","Patrones con más de 1,000 PT",366,1,"Oaxaca","20"
"811 - Patrones agricultura, ganadería, silvicultura, pesca y caza","OAXACA.7","811","Patrones agricultura, ganadería, silvicultura, pesca y caza",367,2,"Oaxaca","20"
"814 - Patrones comercio","OAXACA.8","814","Patrones comercio",368,2,"Oaxaca","20"
"817 - Patrones ind. eléctrica, captación y suministro de agua potable","OAXACA.9","817","Patrones ind. eléctrica, captación y suministro de agua potable",369,2,"Oaxaca","20"
"820 - Patrones ind. de la construcción","OAXACA.10","820","Patrones ind. de la construcción",370,2,"Oaxaca","20"
"821 - Patrones ind. de la transformación","OAXACA.11","821","Patrones ind. de la transformación",371,2,"Oaxaca","20"
"822 - Patrones ind. extractivas","OAXACA.12","822","Patrones ind. extractivas",372,2,"Oaxaca","20"
"823 - Patrones servicios para empresas, personas y el hogar","OAXACA.13","823","Patrones servicios para empresas, personas y el hogar",373,2,"Oaxaca","20"
"824 - Patrones servicios sociales y comunales","OAXACA.14","824","Patrones servicios sociales y comunales",374,2,"Oaxaca","20"
"827 - Patrones transportes y comunicaciones","OAXACA.15","827","Patrones transportes y comunicaciones",375,2,"Oaxaca","20"
"Patrones por tamaño y sector económico","OAXACA.16","Pat","es por tamaño y sector económico",376,0,"Oaxaca","20"
"800 - Patrones con un puesto de trabajo","PUEBLA","800","Patrones con un puesto de trabajo",377,1,"Puebla","21"
"801 - Patrones con 2 y hasta 5 PT","PUEBLA.1","801","Patrones con 2 y hasta 5 PT",378,1,"Puebla","21"
"802 - Patrones con 6 y hasta 50 PT","PUEBLA.2","802","Patrones con 6 y hasta 50 PT",379,1,"Puebla","21"
"803 - Patrones con 51 y hasta 250 PT","PUEBLA.3","803","Patrones con 51 y hasta 250 PT",380,1,"Puebla","21"
"804 - Patrones con 251 y hasta 500 PT","PUEBLA.4","804","Patrones con 251 y hasta 500 PT",381,1,"Puebla","21"
"805 - Patrones con 501 y hasta 1,000 PT","PUEBLA.5","805","Patrones con 501 y hasta 1,000 PT",382,1,"Puebla","21"
"808 - Patrones con más de 1,000 PT","PUEBLA.6","808","Patrones con más de 1,000 PT",383,1,"Puebla","21"
"811 - Patrones agricultura, ganadería, silvicultura, pesca y caza","PUEBLA.7","811","Patrones agricultura, ganadería, silvicultura, pesca y caza",384,2,"Puebla","21"
"814 - Patrones comercio","PUEBLA.8","814","Patrones comercio",385,2,"Puebla","21"
"817 - Patrones ind. eléctrica, captación y suministro de agua potable","PUEBLA.9","817","Patrones ind. eléctrica, captación y suministro de agua potable",386,2,"Puebla","21"
"820 - Patrones ind. de la construcción","PUEBLA.10","820","Patrones ind. de la construcción",387,2,"Puebla","21"
"821 - Patrones ind. de la transformación","PUEBLA.11","821","Patrones ind. de la transformación",388,2,"Puebla","21"
"822 - Patrones ind. extractivas","PUEBLA.12","822","Patrones ind. extractivas",389,2,"Puebla","21"
"823 - Patrones servicios para empresas, personas y el hogar","PUEBLA.13","823","Patrones servicios para empresas, personas y el hogar",390,2,"Puebla","21"
"824 - Patrones servicios sociales y comunales","PUEBLA.14","824","Patrones servicios sociales y comunales",391,2,"Puebla","21"
"827 - Patrones transportes y comunicaciones","PUEBLA.15","827","Patrones transportes y comunicaciones",392,2,"Puebla","21"
"Patrones por tamaño y sector económico","PUEBLA.16","Pat","es por tamaño y sector económico",393,0,"Puebla","21"
"800 - Patrones con un puesto de trabajo","QUERÉTARO","800","Patrones con un puesto de trabajo",394,1,"Querétaro","22"
"801 - Patrones con 2 y hasta 5 PT","QUERÉTARO.1","801","Patrones con 2 y hasta 5 PT",395,1,"Querétaro","22"
"802 - Patrones con 6 y hasta 50 PT","QUERÉTARO.2","802","Patrones con 6 y hasta 50 PT",396,1,"Querétaro","22"
"803 - Patrones con 51 y hasta 250 PT","QUERÉTARO.3","803","Patrones con 51 y hasta 250 PT",397,1,"Querétaro","22"
"804 - Patrones con 251 y hasta 500 PT","QUERÉTARO.4","804","Patrones con 251 y hasta 500 PT",398,1,"Querétaro","22"
"805 - Patrones con 501 y hasta 1,000 PT","QUERÉTARO.5","805","Patrones con 501 y hasta 1,000 PT",399,1,"Querétaro","22"
"808 - Patrones con más de 1,000 PT","QUERÉTARO.6","808","Patrones con más de 1,000 PT",400,1,"Querétaro","22"
"811 - Patrones agricultura, ganadería, silvicultura, pesca y caza","QUERÉTARO.7","811","Patrones agricultura, ganadería, silvicultura, pesca y caza",401,2,"Querétaro","22"
"814 - Patrones comercio","QUERÉTARO.8","814","Patrones comercio",402,2,"Querétaro","22"
"817 - Patrones ind. eléctrica, captación y suministro de agua potable","QUERÉTARO.9","817","Patrones ind. eléctrica, captación y suministro de agua potable",403,2,"Querétaro","22"
"820 - Patrones ind. de la construcción","QUERÉTARO.10","820","Patrones ind. de la construcción",404,2,"Querétaro","22"
"821 - Patrones ind. de la transformación","QUERÉTARO.11","821","Patrones ind. de la transformación",405,2,"Querétaro","22"
"822 - Patrones ind. extractivas","QUERÉTARO.12","822","Patrones ind. extractivas",406,2,"Querétaro","22"
"823 - Patrones servicios para empresas, personas y el hogar","QUERÉTARO.13","823","Patrones servicios para empresas, personas y el hogar",407,2,"Querétaro","22"
"824 - Patrones servicios sociales y comunales","QUERÉTARO.14","824","Patrones servicios sociales y comunales",408,2,"Querétaro","22"
"827 - Patrones transportes y comunicaciones","QUERÉTARO.15","827","Patrones transportes y comunicaciones",409,2,"Querétaro","22"
"Patrones por tamaño y sector económico","QUERÉTARO.16","Pat","es por tamaño y sector económico",410,0,"Querétaro","22"
"800 - Patrones con un puesto de trabajo","QUINTANA.ROO","800","Patrones con un puesto de trabajo",411,1,"Quintana Roo","23"
"801 - Patrones con 2 y hasta 5 PT","QUINTANA.ROO.1","801","Patrones con 2 y hasta 5 PT",412,1,"Quintana Roo","23"
"802 - Patrones con 6 y hasta 50 PT","QUINTANA.ROO.2","802","Patrones con 6 y hasta 50 PT",413,1,"Quintana Roo","23"
"803 - Patrones con 51 y hasta 250 PT","QUINTANA.ROO.3","803","Patrones con 51 y hasta 250 PT",414,1,"Quintana Roo","23"
"804 - Patrones con 251 y hasta 500 PT","QUINTANA.ROO.4","804","Patrones con 251 y hasta 500 PT",415,1,"Quintana Roo","23"
"805 - Patrones con 501 y hasta 1,000 PT","QUINTANA.ROO.5","805","Patrones con 501 y hasta 1,000 PT",416,1,"Quintana Roo","23"
"808 - Patrones con más de 1,000 PT","QUINTANA.ROO.6","808","Patrones con más de 1,000 PT",417,1,"Quintana Roo","23"
"811 - Patrones agricultura, ganadería, silvicultura, pesca y caza","QUINTANA.ROO.7","811","Patrones agricultura, ganadería, silvicultura, pesca y caza",418,2,"Quintana Roo","23"
"814 - Patrones comercio","QUINTANA.ROO.8","814","Patrones comercio",419,2,"Quintana Roo","23"
"817 - Patrones ind. eléctrica, captación y suministro de agua potable","QUINTANA.ROO.9","817","Patrones ind. eléctrica, captación y suministro de agua potable",420,2,"Quintana Roo","23"
"820 - Patrones ind. de la construcción","QUINTANA.ROO.10","820","Patrones ind. de la construcción",421,2,"Quintana Roo","23"
"821 - Patrones ind. de la transformación","QUINTANA.ROO.11","821","Patrones ind. de la transformación",422,2,"Quintana Roo","23"
"822 - Patrones ind. extractivas","QUINTANA.ROO.12","822","Patrones ind. extractivas",423,2,"Quintana Roo","23"
"823 - Patrones servicios para empresas, personas y el hogar","QUINTANA.ROO.13","823","Patrones servicios para empresas, personas y el hogar",424,2,"Quintana Roo","23"
"824 - Patrones servicios sociales y comunales","QUINTANA.ROO.14","824","Patrones servicios sociales y comunales",425,2,"Quintana Roo","23"
"827 - Patrones transportes y comunicaciones","QUINTANA.ROO.15","827","Patrones transportes y comunicaciones",426,2,"Quintana Roo","23"
"Patrones por tamaño y sector económico","QUINTANA.ROO.16","Pat","es por tamaño y sector económico",427,0,"Quintana Roo","23"
"800 - Patrones con un puesto de trabajo","SAN.LUIS.POTOSÍ","800","Patrones con un puesto de trabajo",428,1,"San Luis Potosí","24"
"801 - Patrones con 2 y hasta 5 PT","SAN.LUIS.POTOSÍ.1","801","Patrones con 2 y hasta 5 PT",429,1,"San Luis Potosí","24"
"802 - Patrones con 6 y hasta 50 PT","SAN.LUIS.POTOSÍ.2","802","Patrones con 6 y hasta 50 PT",430,1,"San Luis Potosí","24"
"803 - Patrones con 51 y hasta 250 PT","SAN.LUIS.POTOSÍ.3","803","Patrones con 51 y hasta 250 PT",431,1,"San Luis Potosí","24"
"804 - Patrones con 251 y hasta 500 PT","SAN.LUIS.POTOSÍ.4","804","Patrones con 251 y hasta 500 PT",432,1,"San Luis Potosí","24"
"805 - Patrones con 501 y hasta 1,000 PT","SAN.LUIS.POTOSÍ.5","805","Patrones con 501 y hasta 1,000 PT",433,1,"San Luis Potosí","24"
"808 - Patrones con más de 1,000 PT","SAN.LUIS.POTOSÍ.6","808","Patrones con más de 1,000 PT",434,1,"San Luis Potosí","24"
"811 - Patrones agricultura, ganadería, silvicultura, pesca y caza","SAN.LUIS.POTOSÍ.7","811","Patrones agricultura, ganadería, silvicultura, pesca y caza",435,2,"San Luis Potosí","24"
"814 - Patrones comercio","SAN.LUIS.POTOSÍ.8","814","Patrones comercio",436,2,"San Luis Potosí","24"
"817 - Patrones ind. eléctrica, captación y suministro de agua potable","SAN.LUIS.POTOSÍ.9","817","Patrones ind. eléctrica, captación y suministro de agua potable",437,2,"San Luis Potosí","24"
"820 - Patrones ind. de la construcción","SAN.LUIS.POTOSÍ.10","820","Patrones ind. de la construcción",438,2,"San Luis Potosí","24"
"821 - Patrones ind. de la transformación","SAN.LUIS.POTOSÍ.11","821","Patrones ind. de la transformación",439,2,"San Luis Potosí","24"
"822 - Patrones ind. extractivas","SAN.LUIS.POTOSÍ.12","822","Patrones ind. extractivas",440,2,"San Luis Potosí","24"
"823 - Patrones servicios para empresas, personas y el hogar","SAN.LUIS.POTOSÍ.13","823","Patrones servicios para empresas, personas y el hogar",441,2,"San Luis Potosí","24"
"824 - Patrones servicios sociales y comunales","SAN.LUIS.POTOSÍ.14","824","Patrones servicios sociales y comunales",442,2,"San Luis Potosí","24"
"827 - Patrones transportes y comunicaciones","SAN.LUIS.POTOSÍ.15","827","Patrones transportes y comunicaciones",443,2,"San Luis Potosí","24"
"Patrones por tamaño y sector económico","SAN.LUIS.POTOSÍ.16","Pat","es por tamaño y sector económico",444,0,"San Luis Potosí","24"
"Patrones por tamaño y sector económico","SECTOR.CENTRAL","Pat","es por tamaño y sector económico",445,0,"Sector Central","1"
"800 - Patrones con un puesto de trabajo","SINALOA","800","Patrones con un puesto de trabajo",446,1,"Sinaloa","25"
"801 - Patrones con 2 y hasta 5 PT","SINALOA.1","801","Patrones con 2 y hasta 5 PT",447,1,"Sinaloa","25"
"802 - Patrones con 6 y hasta 50 PT","SINALOA.2","802","Patrones con 6 y hasta 50 PT",448,1,"Sinaloa","25"
"803 - Patrones con 51 y hasta 250 PT","SINALOA.3","803","Patrones con 51 y hasta 250 PT",449,1,"Sinaloa","25"
"804 - Patrones con 251 y hasta 500 PT","SINALOA.4","804","Patrones con 251 y hasta 500 PT",450,1,"Sinaloa","25"
"805 - Patrones con 501 y hasta 1,000 PT","SINALOA.5","805","Patrones con 501 y hasta 1,000 PT",451,1,"Sinaloa","25"
"808 - Patrones con más de 1,000 PT","SINALOA.6","808","Patrones con más de 1,000 PT",452,1,"Sinaloa","25"
"811 - Patrones agricultura, ganadería, silvicultura, pesca y caza","SINALOA.7","811","Patrones agricultura, ganadería, silvicultura, pesca y caza",453,2,"Sinaloa","25"
"814 - Patrones comercio","SINALOA.8","814","Patrones comercio",454,2,"Sinaloa","25"
"817 - Patrones ind. eléctrica, captación y suministro de agua potable","SINALOA.9","817","Patrones ind. eléctrica, captación y suministro de agua potable",455,2,"Sinaloa","25"
"820 - Patrones ind. de la construcción","SINALOA.10","820","Patrones ind. de la construcción",456,2,"Sinaloa","25"
"821 - Patrones ind. de la transformación","SINALOA.11","821","Patrones ind. de la transformación",457,2,"Sinaloa","25"
"822 - Patrones ind. extractivas","SINALOA.12","822","Patrones ind. extractivas",458,2,"Sinaloa","25"
"823 - Patrones servicios para empresas, personas y el hogar","SINALOA.13","823","Patrones servicios para empresas, personas y el hogar",459,2,"Sinaloa","25"
"824 - Patrones servicios sociales y comunales","SINALOA.14","824","Patrones servicios sociales y comunales",460,2,"Sinaloa","25"
"827 - Patrones transportes y comunicaciones","SINALOA.15","827","Patrones transportes y comunicaciones",461,2,"Sinaloa","25"
"Patrones por tamaño y sector económico","SINALOA.16","Pat","es por tamaño y sector económico",462,0,"Sinaloa","25"
"800 - Patrones con un puesto de trabajo","SONORA","800","Patrones con un puesto de trabajo",463,1,"Sonora","26"
"801 - Patrones con 2 y hasta 5 PT","SONORA.1","801","Patrones con 2 y hasta 5 PT",464,1,"Sonora","26"
"802 - Patrones con 6 y hasta 50 PT","SONORA.2","802","Patrones con 6 y hasta 50 PT",465,1,"Sonora","26"
"803 - Patrones con 51 y hasta 250 PT","SONORA.3","803","Patrones con 51 y hasta 250 PT",466,1,"Sonora","26"
"804 - Patrones con 251 y hasta 500 PT","SONORA.4","804","Patrones con 251 y hasta 500 PT",467,1,"Sonora","26"
"805 - Patrones con 501 y hasta 1,000 PT","SONORA.5","805","Patrones con 501 y hasta 1,000 PT",468,1,"Sonora","26"
"808 - Patrones con más de 1,000 PT","SONORA.6","808","Patrones con más de 1,000 PT",469,1,"Sonora","26"
"811 - Patrones agricultura, ganadería, silvicultura, pesca y caza","SONORA.7","811","Patrones agricultura, ganadería, silvicultura, pesca y caza",470,2,"Sonora","26"
"814 - Patrones comercio","SONORA.8","814","Patrones comercio",471,2,"Sonora","26"
"817 - Patrones ind. eléctrica, captación y suministro de agua potable","SONORA.9","817","Patrones ind. eléctrica, captación y suministro de agua potable",472,2,"Sonora","26"
"820 - Patrones ind. de la construcción","SONORA.10","820","Patrones ind. de la construcción",473,2,"Sonora","26"
"821 - Patrones ind. de la transformación","SONORA.11","821","Patrones ind. de la transformación",474,2,"Sonora","26"
"822 - Patrones ind. extractivas","SONORA.12","822","Patrones ind. extractivas",475,2,"Sonora","26"
"823 - Patrones servicios para empresas, personas y el hogar","SONORA.13","823","Patrones servicios para empresas, personas y el hogar",476,2,"Sonora","26"
"824 - Patrones servicios sociales y comunales","SONORA.14","824","Patrones servicios sociales y comunales",477,2,"Sonora","26"
"827 - Patrones transportes y comunicaciones","SONORA.15","827","Patrones transportes y comunicaciones",478,2,"Sonora","26"
"Patrones por tamaño y sector económico","SONORA.16","Pat","es por tamaño y sector económico",479,0,"Sonora","26"
"800 - Patrones con un puesto de trabajo","TABASCO","800","Patrones con un puesto de trabajo",480,1,"Tabasco","27"
"801 - Patrones con 2 y hasta 5 PT","TABASCO.1","801","Patrones con 2 y hasta 5 PT",481,1,"Tabasco","27"
"802 - Patrones con 6 y hasta 50 PT","TABASCO.2","802","Patrones con 6 y hasta 50 PT",482,1,"Tabasco","27"
"803 - Patrones con 51 y hasta 250 PT","TABASCO.3","803","Patrones con 51 y hasta 250 PT",483,1,"Tabasco","27"
"804 - Patrones con 251 y hasta 500 PT","TABASCO.4","804","Patrones con 251 y hasta 500 PT",484,1,"Tabasco","27"
"805 - Patrones con 501 y hasta 1,000 PT","TABASCO.5","805","Patrones con 501 y hasta 1,000 PT",485,1,"Tabasco","27"
"808 - Patrones con más de 1,000 PT","TABASCO.6","808","Patrones con más de 1,000 PT",486,1,"Tabasco","27"
"811 - Patrones agricultura, ganadería, silvicultura, pesca y caza","TABASCO.7","811","Patrones agricultura, ganadería, silvicultura, pesca y caza",487,2,"Tabasco","27"
"814 - Patrones comercio","TABASCO.8","814","Patrones comercio",488,2,"Tabasco","27"
"817 - Patrones ind. eléctrica, captación y suministro de agua potable","TABASCO.9","817","Patrones ind. eléctrica, captación y suministro de agua potable",489,2,"Tabasco","27"
"820 - Patrones ind. de la construcción","TABASCO.10","820","Patrones ind. de la construcción",490,2,"Tabasco","27"
"821 - Patrones ind. de la transformación","TABASCO.11","821","Patrones ind. de la transformación",491,2,"Tabasco","27"
"822 - Patrones ind. extractivas","TABASCO.12","822","Patrones ind. extractivas",492,2,"Tabasco","27"
"823 - Patrones servicios para empresas, personas y el hogar","TABASCO.13","823","Patrones servicios para empresas, personas y el hogar",493,2,"Tabasco","27"
"824 - Patrones servicios sociales y comunales","TABASCO.14","824","Patrones servicios sociales y comunales",494,2,"Tabasco","27"
"827 - Patrones transportes y comunicaciones","TABASCO.15","827","Patrones transportes y comunicaciones",495,2,"Tabasco","27"
"Patrones por tamaño y sector económico","TABASCO.16","Pat","es por tamaño y sector económico",496,0,"Tabasco","27"
"800 - Patrones con un puesto de trabajo","TAMAULIPAS","800","Patrones con un puesto de trabajo",497,1,"Tamaulipas","28"
"801 - Patrones con 2 y hasta 5 PT","TAMAULIPAS.1","801","Patrones con 2 y hasta 5 PT",498,1,"Tamaulipas","28"
"802 - Patrones con 6 y hasta 50 PT","TAMAULIPAS.2","802","Patrones con 6 y hasta 50 PT",499,1,"Tamaulipas","28"
"803 - Patrones con 51 y hasta 250 PT","TAMAULIPAS.3","803","Patrones con 51 y hasta 250 PT",500,1,"Tamaulipas","28"
"804 - Patrones con 251 y hasta 500 PT","TAMAULIPAS.4","804","Patrones con 251 y hasta 500 PT",501,1,"Tamaulipas","28"
"805 - Patrones con 501 y hasta 1,000 PT","TAMAULIPAS.5","805","Patrones con 501 y hasta 1,000 PT",502,1,"Tamaulipas","28"
"808 - Patrones con más de 1,000 PT","TAMAULIPAS.6","808","Patrones con más de 1,000 PT",503,1,"Tamaulipas","28"
"811 - Patrones agricultura, ganadería, silvicultura, pesca y caza","TAMAULIPAS.7","811","Patrones agricultura, ganadería, silvicultura, pesca y caza",504,2,"Tamaulipas","28"
"814 - Patrones comercio","TAMAULIPAS.8","814","Patrones comercio",505,2,"Tamaulipas","28"
"817 - Patrones ind. eléctrica, captación y suministro de agua potable","TAMAULIPAS.9","817","Patrones ind. eléctrica, captación y suministro de agua potable",506,2,"Tamaulipas","28"
"820 - Patrones ind. de la construcción","TAMAULIPAS.10","820","Patrones ind. de la construcción",507,2,"Tamaulipas","28"
"821 - Patrones ind. de la transformación","TAMAULIPAS.11","821","Patrones ind. de la transformación",508,2,"Tamaulipas","28"
"822 - Patrones ind. extractivas","TAMAULIPAS.12","822","Patrones ind. extractivas",509,2,"Tamaulipas","28"
"823 - Patrones servicios para empresas, personas y el hogar","TAMAULIPAS.13","823","Patrones servicios para empresas, personas y el hogar",510,2,"Tamaulipas","28"
"824 - Patrones servicios sociales y comunales","TAMAULIPAS.14","824","Patrones servicios sociales y comunales",511,2,"Tamaulipas","28"
"827 - Patrones transportes y comunicaciones","TAMAULIPAS.15","827","Patrones transportes y comunicaciones",512,2,"Tamaulipas","28"
"Patrones por tamaño y sector económico","TAMAULIPAS.16","Pat","es por tamaño y sector económico",513,0,"Tamaulipas","28"
"800 - Patrones con un puesto de trabajo","TLAXCALA","800","Patrones con un puesto de trabajo",514,1,"Tlaxcala","29"
"801 - Patrones con 2 y hasta 5 PT","TLAXCALA.1","801","Patrones con 2 y hasta 5 PT",515,1,"Tlaxcala","29"
"802 - Patrones con 6 y hasta 50 PT","TLAXCALA.2","802","Patrones con 6 y hasta 50 PT",516,1,"Tlaxcala","29"
"803 - Patrones con 51 y hasta 250 PT","TLAXCALA.3","803","Patrones con 51 y hasta 250 PT",517,1,"Tlaxcala","29"
"804 - Patrones con 251 y hasta 500 PT","TLAXCALA.4","804","Patrones con 251 y hasta 500 PT",518,1,"Tlaxcala","29"
"805 - Patrones con 501 y hasta 1,000 PT","TLAXCALA.5","805","Patrones con 501 y hasta 1,000 PT",519,1,"Tlaxcala","29"
"808 - Patrones con más de 1,000 PT","TLAXCALA.6","808","Patrones con más de 1,000 PT",520,1,"Tlaxcala","29"
"811 - Patrones agricultura, ganadería, silvicultura, pesca y caza","TLAXCALA.7","811","Patrones agricultura, ganadería, silvicultura, pesca y caza",521,2,"Tlaxcala","29"
"814 - Patrones comercio","TLAXCALA.8","814","Patrones comercio",522,2,"Tlaxcala","29"
"817 - Patrones ind. eléctrica, captación y suministro de agua potable","TLAXCALA.9","817","Patrones ind. eléctrica, captación y suministro de agua potable",523,2,"Tlaxcala","29"
"820 - Patrones ind. de la construcción","TLAXCALA.10","820","Patrones ind. de la construcción",524,2,"Tlaxcala","29"
"821 - Patrones ind. de la transformación","TLAXCALA.11","821","Patrones ind. de la transformación",525,2,"Tlaxcala","29"
"822 - Patrones ind. extractivas","TLAXCALA.12","822","Patrones ind. extractivas",526,2,"Tlaxcala","29"
"823 - Patrones servicios para empresas, personas y el hogar","TLAXCALA.13","823","Patrones servicios para empresas, personas y el hogar",527,2,"Tlaxcala","29"
"824 - Patrones servicios sociales y comunales","TLAXCALA.14","824","Patrones servicios sociales y comunales",528,2,"Tlaxcala","29"
"827 - Patrones transportes y comunicaciones","TLAXCALA.15","827","Patrones transportes y comunicaciones",529,2,"Tlaxcala","29"
"Patrones por tamaño y sector económico","TLAXCALA.16","Pat","es por tamaño y sector económico",530,0,"Tlaxcala","29"
"800 - Patrones con un puesto de trabajo","VERACRUZ.NORTE","800","Patrones con un puesto de trabajo",531,1,"Veracruz","30"
"801 - Patrones con 2 y hasta 5 PT","VERACRUZ.NORTE.1","801","Patrones con 2 y hasta 5 PT",532,1,"Veracruz","30"
"802 - Patrones con 6 y hasta 50 PT","VERACRUZ.NORTE.2","802","Patrones con 6 y hasta 50 PT",533,1,"Veracruz","30"
"803 - Patrones con 51 y hasta 250 PT","VERACRUZ.NORTE.3","803","Patrones con 51 y hasta 250 PT",534,1,"Veracruz","30"
"804 - Patrones con 251 y hasta 500 PT","VERACRUZ.NORTE.4","804","Patrones con 251 y hasta 500 PT",535,1,"Veracruz","30"
"805 - Patrones con 501 y hasta 1,000 PT","VERACRUZ.NORTE.5","805","Patrones con 501 y hasta 1,000 PT",536,1,"Veracruz","30"
"808 - Patrones con más de 1,000 PT","VERACRUZ.NORTE.6","808","Patrones con más de 1,000 PT",537,1,"Veracruz","30"
"811 - Patrones agricultura, ganadería, silvicultura, pesca y caza","VERACRUZ.NORTE.7","811","Patrones agricultura, ganadería, silvicultura, pesca y caza",538,2,"Veracruz","30"
"814 - Patrones comercio","VERACRUZ.NORTE.8","814","Patrones comercio",539,2,"Veracruz","30"
"817 - Patrones ind. eléctrica, captación y suministro de agua potable","VERACRUZ.NORTE.9","817","Patrones ind. eléctrica, captación y suministro de agua potable",540,2,"Veracruz","30"
"820 - Patrones ind. de la construcción","VERACRUZ.NORTE.10","820","Patrones ind. de la construcción",541,2,"Veracruz","30"
"821 - Patrones ind. de la transformación","VERACRUZ.NORTE.11","821","Patrones ind. de la transformación",542,2,"Veracruz","30"
"822 - Patrones ind. extractivas","VERACRUZ.NORTE.12","822","Patrones ind. extractivas",543,2,"Veracruz","30"
"823 - Patrones servicios para empresas, personas y el hogar","VERACRUZ.NORTE.13","823","Patrones servicios para empresas, personas y el hogar",544,2,"Veracruz","30"
"824 - Patrones servicios sociales y comunales","VERACRUZ.NORTE.14","824","Patrones servicios sociales y comunales",545,2,"Veracruz","30"
"827 - Patrones transportes y comunicaciones","VERACRUZ.NORTE.15","827","Patrones transportes y comunicaciones",546,2,"Veracruz","30"
"Patrones por tamaño y sector económico","VERACRUZ.NORTE.16","Pat","es por tamaño y sector económico",547,0,"Veracruz","30"
"800 - Patrones con un puesto de trabajo","VERACRUZ.SUR","800","Patrones con un puesto de trabajo",548,1,"Veracruz","30"
"801 - Patrones con 2 y hasta 5 PT","VERACRUZ.SUR.1","801","Patrones con 2 y hasta 5 PT",549,1,"Veracruz","30"
"802 - Patrones con 6 y hasta 50 PT","VERACRUZ.SUR.2","802","Patrones con 6 y hasta 50 PT",550,1,"Veracruz","30"
"803 - Patrones con 51 y hasta 250 PT","VERACRUZ.SUR.3","803","Patrones con 51 y hasta 250 PT",551,1,"Veracruz","30"
"804 - Patrones con 251 y hasta 500 PT","VERACRUZ.SUR.4","804","Patrones con 251 y hasta 500 PT",552,1,"Veracruz","30"
"805 - Patrones con 501 y hasta 1,000 PT","VERACRUZ.SUR.5","805","Patrones con 501 y hasta 1,000 PT",553,1,"Veracruz","30"
"808 - Patrones con más de 1,000 PT","VERACRUZ.SUR.6","808","Patrones con más de 1,000 PT",554,1,"Veracruz","30"
"811 - Patrones agricultura, ganadería, silvicultura, pesca y caza","VERACRUZ.SUR.7","811","Patrones agricultura, ganadería, silvicultura, pesca y caza",555,2,"Veracruz","30"
"814 - Patrones comercio","VERACRUZ.SUR.8","814","Patrones comercio",556,2,"Veracruz","30"
"817 - Patrones ind. eléctrica, captación y suministro de agua potable","VERACRUZ.SUR.9","817","Patrones ind. eléctrica, captación y suministro de agua potable",557,2,"Veracruz","30"
"820 - Patrones ind. de la construcción","VERACRUZ.SUR.10","820","Patrones ind. de la construcción",558,2,"Veracruz","30"
"821 - Patrones ind. de la transformación","VERACRUZ.SUR.11","821","Patrones ind. de la transformación",559,2,"Veracruz","30"
"822 - Patrones ind. extractivas","VERACRUZ.SUR.12","822","Patrones ind. extractivas",560,2,"Veracruz","30"
"823 - Patrones servicios para empresas, personas y el hogar","VERACRUZ.SUR.13","823","Patrones servicios para empresas, personas y el hogar",561,2,"Veracruz","30"
"824 - Patrones servicios sociales y comunales","VERACRUZ.SUR.14","824","Patrones servicios sociales y comunales",562,2,"Veracruz","30"
"827 - Patrones transportes y comunicaciones","VERACRUZ.SUR.15","827","Patrones transportes y comunicaciones",563,2,"Veracruz","30"
"Patrones por tamaño y sector económico","VERACRUZ.SUR.16","Pat","es por tamaño y sector económico",564,0,"Veracruz","30"
"800 - Patrones con un puesto de trabajo","YUCATÁN","800","Patrones con un puesto de trabajo",565,1,"Yucatán","31"
"801 - Patrones con 2 y hasta 5 PT","YUCATÁN.1","801","Patrones con 2 y hasta 5 PT",566,1,"Yucatán","31"
"802 - Patrones con 6 y hasta 50 PT","YUCATÁN.2","802","Patrones con 6 y hasta 50 PT",567,1,"Yucatán","31"
"803 - Patrones con 51 y hasta 250 PT","YUCATÁN.3","803","Patrones con 51 y hasta 250 PT",568,1,"Yucatán","31"
"804 - Patrones con 251 y hasta 500 PT","YUCATÁN.4","804","Patrones con 251 y hasta 500 PT",569,1,"Yucatán","31"
"805 - Patrones con 501 y hasta 1,000 PT","YUCATÁN.5","805","Patrones con 501 y hasta 1,000 PT",570,1,"Yucatán","31"
"808 - Patrones con más de 1,000 PT","YUCATÁN.6","808","Patrones con más de 1,000 PT",571,1,"Yucatán","31"
"811 - Patrones agricultura, ganadería, silvicultura, pesca y caza","YUCATÁN.7","811","Patrones agricultura, ganadería, silvicultura, pesca y caza",572,2,"Yucatán","31"
"814 - Patrones comercio","YUCATÁN.8","814","Patrones comercio",573,2,"Yucatán","31"
"817 - Patrones ind. eléctrica, captación y suministro de agua potable","YUCATÁN.9","817","Patrones ind. eléctrica, captación y suministro de agua potable",574,2,"Yucatán","31"
"820 - Patrones ind. de la construcción","YUCATÁN.10","820","Patrones ind. de la construcción",575,2,"Yucatán","31"
"821 - Patrones ind. de la transformación","YUCATÁN.11","821","Patrones ind. de la transformación",576,2,"Yucatán","31"
"822 - Patrones ind. extractivas","YUCATÁN.12","822","Patrones ind. extractivas",577,2,"Yucatán","31"
"823 - Patrones servicios para empresas, personas y el hogar","YUCATÁN.13","823","Patrones servicios para empresas, personas y el hogar",578,2,"Yucatán","31"
"824 - Patrones servicios sociales y comunales","YUCATÁN.14","824","Patrones servicios sociales y comunales",579,2,"Yucatán","31"
"827 - Patrones transportes y comunicaciones","YUCATÁN.15","827","Patrones transportes y comunicaciones",580,2,"Yucatán","31"
"Patrones por tamaño y sector económico","YUCATÁN.16","Pat","es por tamaño y sector económico",581,0,"Yucatán","31"
"800 - Patrones con un puesto de trabajo","ZACATECAS","800","Patrones con un puesto de trabajo",582,1,"Zacatecas","32"
"801 - Patrones con 2 y hasta 5 PT","ZACATECAS.1","801","Patrones con 2 y hasta 5 PT",583,1,"Zacatecas","32"
"802 - Patrones con 6 y hasta 50 PT","ZACATECAS.2","802","Patrones con 6 y hasta 50 PT",584,1,"Zacatecas","32"
"803 - Patrones con 51 y hasta 250 PT","ZACATECAS.3","803","Patrones con 51 y hasta 250 PT",585,1,"Zacatecas","32"
"804 - Patrones con 251 y hasta 500 PT","ZACATECAS.4","804","Patrones con 251 y hasta 500 PT",586,1,"Zacatecas","32"
"805 - Patrones con 501 y hasta 1,000 PT","ZACATECAS.5","805","Patrones con 501 y hasta 1,000 PT",587,1,"Zacatecas","32"
"808 - Patrones con más de 1,000 PT","ZACATECAS.6","808","Patrones con más de 1,000 PT",588,1,"Zacatecas","32"
"811 - Patrones agricultura, ganadería, silvicultura, pesca y caza","ZACATECAS.7","811","Patrones agricultura, ganadería, silvicultura, pesca y caza",589,2,"Zacatecas","32"
"814 - Patrones comercio","ZACATECAS.8","814","Patrones comercio",590,2,"Zacatecas","32"
"817 - Patrones ind. eléctrica, captación y suministro de agua potable","ZACATECAS.9","817","Patrones ind. eléctrica, captación y suministro de agua potable",591,2,"Zacatecas","32"
"820 - Patrones ind. de la construcción","ZACATECAS.10","820","Patrones ind. de la construcción",592,2,"Zacatecas","32"
"821 - Patrones ind. de la transformación","ZACATECAS.11","821","Patrones ind. de la transformación",593,2,"Zacatecas","32"
"822 - Patrones ind. extractivas","ZACATECAS.12","822","Patrones ind. extractivas",594,2,"Zacatecas","32"
"823 - Patrones servicios para empresas, personas y el hogar","ZACATECAS.13","823","Patrones servicios para empresas, personas y el hogar",595,2,"Zacatecas","32"
"824 - Patrones servicios sociales y comunales","ZACATECAS.14","824","Patrones servicios sociales y comunales",596,2,"Zacatecas","32"
"827 - Patrones transportes y comunicaciones","ZACATECAS.15","827","Patrones transportes y comunicaciones",597,2,"Zacatecas","32"
"Patrones por tamaño y sector económico","ZACATECAS.16","Pat","es por tamaño y sector económico",598,0,"Zacatecas","32"
"Patrones por tamaño y sector económico","X9","Pat","es por tamaño y sector económico",599,0,"x","1"
"Patrones por tamaño y sector económico","Por.Delegaciones","Pat","es por tamaño y sector económico",600,0,"Por Delegaciones","1"
NA,"X.1",NA,NA,601,1,"x","1"
"1","cnc","1","",602,1,"Cnc","1"
